{
  "elenco": [
    {
      "nome": "Valeria",
      "cognome": "Mancuso",
      "id": 1
    },
    {
      "nome": "Bryan",
      "cognome": "Barnachia",
      "id": 2
    },
    {
      "nome": "Giuseppe",
      "cognome": "Mancuso",
      "id": 3
    },
    {
      "nome": "pippo",
      "cognome": "Mancuso",
      "id": 4
    },
    {
      "nome": "paperino",
      "cognome": "Mancuso",
      "id": 5
    },
    {
      "nome": "Marialibera",
      "cognome": "Di Marzo",
      "id": 6
    },
    {
      "nome": "Paperino",
      "cognome": "Topolino",
      "id": 7
    },
    {
      "nome": "pluto",
      "cognome": "Mancuso",
      "id": 8
    }
  ]
}